name,value,ratio
wallet,209.282671,100.000000%
