name,value,ratio
wallet,25458794.925172,100.000000%
